qed,sa,score
0.5665720555381695,3.8144075902237358,0.6666666666666666
0.8239299334534093,3.149593078725511,0.6327683615819208
0.6737165867273611,2.9416350627512067,0.6327683615819208
0.7569115390129251,2.1838267395382918,0.6303030303030303
0.730363166920674,3.478605720428833,0.6222222222222222
0.660489894975903,3.456096207218784,0.6081871345029239
0.6525058275771387,3.689986895477894,0.6081871345029239
0.6083650346247342,2.253600215253991,0.6037735849056604
0.5732752550033566,4.256068319144704,0.6021505376344085
0.7224422311879065,3.6826680297841747,0.6
0.7962664629116085,2.225889727066942,0.2312925170068027
0.7809500694400175,2.880782725549997,0.2962962962962963
0.8243059888560292,2.3400569316901976,0.24390243902439024
0.8033684273132393,3.454368091076308,0.2570281124497992
0.922685803554716,2.7608523827943117,0.23255813953488372
0.632536283441531,2.9271634078543975,0.21333333333333332
0.7523618825680658,3.1346506569778123,0.24691358024691357
0.8226826269082662,3.599672935942996,0.21768707482993194
0.5232021096942004,3.7860849993428483,0.13333333333333333
0.570350241028645,3.027511989510379,0.21993127147766323
0.7795220888179337,3.1658921249093765,0.46090534979423864
0.5425610188393019,5.234801918442749,0.2857142857142857
0.5984853069467797,4.877703046281768,0.5603864734299516
0.7587849395341087,2.1904328666196076,0.32432432432432434
0.657738316717318,4.818443394720034,0.3881856540084388
0.6795554562675777,3.6850119858281305,0.5683060109289617
0.8792230008619024,2.807086428106114,0.3950617283950617
0.6825281054832717,2.9657189533763226,0.5476190476190476
0.6859000193621844,2.026413231288874,0.38095238095238093
0.3770619944398019,4.827700862886227,0.31746031746031744
0.7120049575544034,2.421924440019504,0.5679012345679012
0.5936139252016249,3.677541189723275,0.6206896551724137
0.7085664389183424,3.116137270193655,0.6779661016949152
0.7986942889975952,2.2644910279251995,0.3623188405797101
0.435269600367497,3.5546523246348887,0.641025641025641
0.730363166920674,3.478605720428833,0.6222222222222222
0.4797858693120794,3.6467136767924533,0.4678362573099415
0.7467027933193625,1.9784222860969969,0.5747126436781609
0.8086449278979242,2.3894722221000624,0.4590163934426229
0.7164072241823853,2.6547923930812676,0.264026402640264
0.8980831323155998,3.0940780783253192,0.3524904214559387
0.6228643981210902,4.0517284020742945,0.17543859649122806
0.6767541716885332,3.4332585482701,0.5517241379310345
0.5914850000599989,3.058079896350695,0.3487179487179487
0.8392642266976228,4.301062310102573,0.2922374429223744
0.7318281998141841,2.682717846528009,0.5977011494252873
0.6301782413616637,3.2232032068256418,0.2807017543859649
0.8678737877611971,2.8222307842424605,0.547945205479452
0.5738490624398067,4.163341202771191,0.4392156862745098
0.5036525790288158,3.246228816323887,0.711111111111111
0.7345056919482658,4.467404320530504,0.3161512027491409
0.9290872004567549,3.497593491283281,0.367816091954023
0.471598213172263,4.843073894863277,0.3125
0.6901437427247838,2.5685246212888497,0.38518518518518513
0.3017419361253928,5.309271553765516,0.18779342723004694
0.5841064392735543,3.137923365585106,0.3636363636363636
0.7606870221507182,2.102226728974646,0.431924882629108
0.8232141968550137,4.609194472990858,0.6021505376344085
0.8367751761744744,2.7640496527599154,0.5416666666666666
0.7427594265885001,3.443786110720559,0.4717948717948718
0.6767541716885331,3.3544776750892265,0.5517241379310345
0.5961764691120827,5.384593635821476,0.18518518518518517
0.7583058184169648,4.86008515053855,0.4383561643835616
0.6602293709296385,3.3278625237282213,0.5555555555555556
0.7557185551590527,2.585817966567655,0.3534136546184739
0.6935809088001835,4.009548899900386,0.29166666666666663
0.6879152712410317,2.206190154365798,0.42666666666666664
0.7460669758501631,3.46024678930116,0.5410628019323671
0.42164933364192103,4.427519367566114,0.4920634920634921
0.40748499697028945,3.880302468764018,0.3333333333333333
0.8448060282384628,2.9019364022768084,0.5
0.8001419207902665,1.8257288880346856,0.41025641025641024
0.6671325135024001,2.9755331351982157,0.5625
0.8083943307076394,3.694977440663749,0.5765765765765766
0.6204445396396587,3.11523241697855,0.6775956284153005
0.5174008071296845,2.399711396289229,0.34782608695652173
0.39333445936222894,2.530918033153675,0.37606837606837606
0.6780311959955403,3.257821186277571,0.20779220779220778
0.5247929276316249,3.326872647803042,0.547008547008547
0.4690600671574563,3.643020419255169,0.5901639344262295
0.6899413417940373,3.186456011452397,0.6021505376344085
0.5908345910322238,3.015883703760088,0.7005649717514124
0.8448714006198653,3.11842659798843,0.5410628019323671
0.5770894627494702,5.174543517106698,0.21164021164021163
0.2774064776411098,4.063469366675514,0.3218390804597701
0.8419679908046807,3.1262533719099395,0.3963963963963964
0.7675381638282033,2.1367834876991303,0.4931506849315068
0.5697037015395042,2.989029505029192,0.3950617283950617
0.6363763701678291,3.249588029801094,0.6376811594202898
0.44656411062216106,4.443118980659387,0.24691358024691357
0.860793342043671,2.880736011452397,0.48484848484848486
0.4625202606435928,4.0650000264513135,0.5858585858585859
0.7452041321912737,1.9656575087690609,0.4666666666666666
0.5783277791643829,3.336256341701179,0.5185185185185185
0.8220943760557634,2.9091801027623703,0.6
0.5908345910322238,3.009483703760088,0.8484848484848484
0.6986562274975049,3.5877755438556402,0.5490196078431372
0.6471611840113146,2.906909873432685,0.6896551724137931
0.5444459966318579,4.3515887371157564,0.29885057471264365
0.7804824518140403,3.4553276426810147,0.5821596244131455
0.4923783476920014,3.3142335080274714,0.519774011299435
0.8303609574242861,3.911973322704645,0.2121212121212121
0.5625467567390793,3.5111433809130954,0.5063291139240507
0.7346309121830016,4.779407048241694,0.5333333333333333
0.5565831794424662,4.475442721118334,0.2573099415204678
0.4654540355484431,3.422196200587125,0.5232067510548523
0.6593144914634754,2.914734823985226,0.6557377049180327
0.47143406408112254,3.619119295238983,0.5714285714285714
0.4482075420895862,3.401953218019206,0.7619047619047619
0.4117276287186252,4.185956088509821,0.42798353909465014
0.7718147474953481,3.6560083155895384,0.19999999999999998
0.8750730808307475,2.9543172700884615,0.45662100456621
0.6400012955382594,2.9852175959102585,0.3125
0.4824297785407203,4.263656653679343,0.606060606060606
0.6621587260343805,3.2495079140966014,0.3333333333333333
0.6790220964516075,3.432311191221454,0.43137254901960786
0.825777766402929,3.05653819297029,0.3764705882352941
0.6850412038715108,2.3703427550589,0.5376344086021505
0.9083677247288211,2.027261665418008,0.32478632478632474
0.7867482631763499,3.4182221207486663,0.22489959839357426
0.4785857548415313,3.228397698874277,0.4786324786324786
0.8211144379831204,3.004593428983691,0.5806451612903225
0.6225762395555196,2.6763275962274538,0.6327683615819208
0.8634188767770956,2.8034657496585265,0.5373134328358209
0.6875923961015228,3.647031155484365,0.25120772946859904
0.4351476544645444,4.090574212742801,0.29885057471264365
0.41720252047842027,3.506917330226077,0.5210727969348659
0.5038607062977731,3.294215201076754,0.4971751412429378
0.40152760354376904,3.5567605772226365,0.39999999999999997
0.6847839386683875,2.966243736802749,0.5901639344262295
0.3567938896744869,3.6446485198136003,0.5925925925925926
0.6439627220024774,3.664774723438086,0.273972602739726
0.7076932301637803,3.0054153564318282,0.4666666666666666
0.36900479779631984,2.7745366501438635,0.46090534979423864
0.6126639626891276,2.2387300256779437,0.45714285714285713
0.7507286007600289,2.509567320092726,0.4497991967871485
0.43046147047075556,5.50203078617335,0.20512820512820512
0.3661222361789336,6.189150110513292,0.23655913978494625
0.7431456847203465,3.3474666913515296,0.6868686868686869
0.5528296152598976,3.2574949618649107,0.5225225225225225
0.7368711437099854,4.309776850072659,0.17543859649122806
0.6258638657626204,3.057361650143865,0.43902439024390244
0.43327546364481045,4.264818867666149,0.6481481481481481
0.7632275867029753,2.7009444876140307,0.3255813953488372
0.3251053450448663,3.561266629206254,0.40160642570281124
0.24590311973768716,3.209407773035613,0.5517241379310345
0.5922627746224121,3.4733159897113035,0.24761904761904763
0.6899413417940374,3.264865242221628,0.6666666666666666
0.7650456680712776,3.328957860597722,0.7096774193548386
0.41693991997995716,3.0867582135746847,0.639269406392694
0.7844854313007512,2.426536813347001,0.5410628019323671
0.6165053637647461,2.83381078304064,0.6904761904761905
0.6624628536944408,2.8053772989016146,0.6557377049180327
0.9108073750961307,2.970310029941091,0.368421052631579
0.6021334012552946,3.000957548415756,0.6904761904761905
0.8937858541367963,2.0698517175981603,0.45614035087719296
0.6059029738831468,2.6020347007508366,0.5291005291005291
0.6835535874556647,3.7800782509261808,0.6153846153846154
0.6418325593662059,2.9270108085799436,0.7320261437908497
0.7807703525753382,2.795256274833493,0.45098039215686275
0.8240184034205632,2.8139133176465254,0.5555555555555556
0.7146910772129489,2.838603389074187,0.2745098039215686
0.5767163297345334,2.8423953984252552,0.6549707602339181
0.4905056840623072,3.3905709646482487,0.8222222222222222
0.4855631722162466,2.905687617308276,0.5146198830409356
0.507469711934561,3.5070204279944024,0.2557077625570776
0.5011158612146385,3.4083810434907313,0.48484848484848486
0.3812169625448264,5.7826023229962855,0.23188405797101447
0.557816828168156,4.155613084729229,0.5502645502645502
0.6714846486508659,2.814795195073035,0.8266666666666667
0.40093215234121066,3.615518130842089,0.7457627118644067
0.6115534826549903,3.1285723283452,0.45098039215686275
0.7765654484802443,2.48631238603636,0.5806451612903225
0.8041585194727081,2.721487446037905,0.391304347826087
0.44690066335175826,5.207677055723998,0.22988505747126436
0.7464781092369938,3.1687111243318213,0.5625
0.7136278874153305,2.0144026647480704,0.38951310861423216
0.7158872361814552,2.8746723593429984,0.7251461988304093
0.5109246289999095,1.9907745128176426,0.5111111111111111
0.5953373267587102,3.0900057844116393,0.2867383512544803
0.5533302757047307,3.2750646473349274,0.3076923076923077
0.3929883065532889,4.159987721676786,0.20512820512820512
0.7778983969227591,3.6552216577274974,0.3958333333333333
0.8360550536594388,3.3901189176204856,0.5977011494252873
0.41015961890362757,2.7229715581357627,0.3835616438356164
0.44366684028076386,2.630007350914413,0.7555555555555555
0.7060294702634998,4.5862776620647425,0.547008547008547
0.565664630877813,3.625707703394262,0.7816091954022988
0.6795563858289854,3.0501370381856923,0.5225225225225225
0.41777174508441484,3.6193492525376003,0.5140562248995983
0.6471395017863717,3.851600322136184,0.6458333333333333
0.7773934618096393,2.5823626468829257,0.5111111111111111
0.5861937114818222,3.2502542601383233,0.8045977011494252
0.7932824730571557,2.5504261957269936,0.5875706214689265
0.6403896312992114,2.956928940644751,0.6384976525821595
0.7565919936379715,3.3877312535210438,0.13605442176870747
0.532161487424816,2.8774990412268817,0.6666666666666666
0.7100636848932769,4.323791954313844,0.49572649572649574
0.7296471022366483,2.5070157893877187,0.3982683982683982
0.32295127663192225,3.3380778329513356,0.47154471544715443
0.5413467786505228,2.800216576584294,0.5818181818181818
0.7741822359850106,2.220309577008681,0.4694835680751173
0.5915780282953673,3.867846537323147,0.3428571428571428
0.6993446658862341,4.291726819634635,0.43410852713178294
0.2369696879003208,4.950932614624278,0.2631578947368421
0.6023516581071136,3.0991585615255683,0.7251461988304093
0.38778145584947227,3.6199193904604616,0.6169154228855721
0.6007067636561173,4.553742586421891,0.26666666666666666
0.5713899967223803,2.99155116948036,0.2941176470588235
0.6549444830922835,3.22621615231,0.32786885245901637
0.522191539057736,3.360388860820793,0.5
0.5628332181969902,3.506403283453632,0.4444444444444444
0.2292438399020064,3.875500771033204,0.5683060109289617
0.5117261197076947,4.074571710985811,0.20883534136546184
0.717104556869728,2.6373254921370446,0.4590163934426229
0.6400660403788091,1.9699943508743232,0.6081871345029239
0.8108754034832664,3.817428904151093,0.3508771929824561
0.6007067636561173,4.332631612344794,0.26666666666666666
0.5831429585930038,3.701921509163344,0.2222222222222222
0.8071293147435504,2.7200319039861682,0.49122807017543857
0.4932746300160989,5.079004655822809,0.273972602739726
0.5571580104330631,3.567049100170892,0.3881856540084388
0.41914776506253704,4.715889517036629,0.6183574879227053
0.4981731543401301,3.004897197336885,0.43881856540084385
0.5740332883409344,2.5890026114606197,0.3389830508474576
0.6031901329683118,3.0330539607842883,0.7213114754098361
0.44047113916064784,5.230257074407817,0.24761904761904763
0.2799392615652654,4.189031813552938,0.5523809523809524
0.49384243060200816,3.5344415350974074,0.5833333333333333
0.3526956712663555,3.887558776616758,0.4497991967871485
0.5753244279270787,4.148253751567714,0.23529411764705882
0.5587010103582942,3.559599657265456,0.6549707602339181
0.7441281437805028,2.5772921847747483,0.39999999999999997
0.5870391389842299,3.299428018039084,0.7407407407407407
0.6227659416166562,3.477791396067781,0.5714285714285714
0.34292716684548913,4.354970345576529,0.5511111111111111
0.7953920107124582,2.8169308106072997,0.6041666666666666
0.6621587260343806,3.168055606404293,0.3333333333333333
0.6481000602798197,2.9180873223592556,0.3524904214559387
0.4651962196293617,4.189777904960172,0.6327683615819208
0.513492072013936,1.9912325559521342,0.6101694915254237
0.5510012114682384,3.040373430131482,0.4504504504504504
0.7342256451792083,2.800579020023207,0.5818181818181818
0.6841107092588855,3.870733641425522,0.5765765765765766
0.6425957375061419,3.8214965447528613,0.8205128205128205
0.7516063427144248,2.6218235049174794,0.7005649717514124
0.4949693827613159,4.293811553078531,0.48826291079812206
0.6195251646375416,3.7037758526023925,0.7320261437908497
0.6400012955382594,2.9671972339193093,0.3125
0.5553167037567303,3.5251563556774794,0.5904761904761904
0.8032368462666709,2.5543877519120546,0.3555555555555555
0.7212820436980245,3.2521120889086035,0.5970149253731343
0.4957899892685956,3.492108056748391,0.4392156862745098
0.5028716892146037,4.159694056389148,0.2941176470588235
0.4020194916326761,3.5717312456130177,0.47509578544061304
0.43934884338428615,5.041962375311375,0.1871345029239766
0.7289363199342381,3.093781579838069,0.5714285714285714
0.7180586239858477,3.53971196811281,0.6881720430107526
0.5571820282503814,3.1544406460909933,0.4444444444444444
0.7980086412198453,2.802528441786494,0.46846846846846846
0.47168604054158997,3.9631424683159704,0.5367965367965368
0.5785592324048754,3.5406999119520117,0.5267489711934156
0.7143631168751922,4.146320113096427,0.3225806451612903
0.5870943971452864,3.3624098856938627,0.7407407407407407
0.6698898778108773,4.070065031371581,0.6557377049180327
0.5405089445142963,3.033910012900055,0.45662100456621
0.47023301985247284,3.1687197538847602,0.6262626262626263
0.3731004799414039,3.8919055984516397,0.4878048780487805
0.28795496343939,3.261126539273109,0.4491228070175438
0.6280564864753567,4.880631845885937,0.5538461538461539
0.4600715508510671,3.2194963307204585,0.6222222222222222
0.8197349325817502,2.173494092094735,0.4622222222222222
0.7580018639446436,2.714252660695193,0.6857142857142856
0.8552026028015286,2.6627392666463514,0.41025641025641024
0.8747421158505909,2.4065117556735167,0.32941176470588235
0.3405671239877555,3.8875603227712823,0.5446009389671361
0.3468480484053882,3.0311114065368656,0.45977011494252873
0.6739657779843847,2.8429105796884198,0.8266666666666667
0.6739657779843847,2.8335798104576497,0.8707482993197277
0.7565363283559879,2.7144837553647054,0.6222222222222222
0.76917477558245,3.1462868701222364,0.4675324675324675
0.8390580451374041,1.925248943524517,0.38095238095238093
0.7455000397951287,2.997236394569603,0.5555555555555556
0.8779709947802287,3.3081134962091996,0.45662100456621
0.5726777922210841,3.0866756101146047,0.6236559139784945
0.35932521633329934,3.6287178933554207,0.4943820224719101
0.6333187404727951,4.640596865424804,0.4057971014492754
0.7513658075193735,3.082556837496556,0.22535211267605632
0.823300702691106,1.8156145360140439,0.37037037037037035
0.7510532925813937,2.854576645766908,0.6444444444444444
0.35370223644468557,5.60010655261477,0.16666666666666666
0.4427227600653562,3.9251352020217576,0.5656565656565656
0.8464607757636282,2.9413955924504283,0.4385964912280702
0.6506775124079047,2.880828662226545,0.4273504273504274
0.4671187169268113,4.7196663940652925,0.24561403508771928
0.681865548448195,3.711997262323072,0.6868686868686869
0.20971766852090293,3.637537718744282,0.3495145631067961
0.38467416948850525,3.6068216178044716,0.4862745098039215
0.17033084289201422,3.839586604855535,0.45569620253164556
0.49558338688572046,4.29514558123064,0.3389830508474576
0.7115376031016558,3.7764192285776996,0.4808743169398907
0.4810420201728202,3.099030672137946,0.47368421052631576
0.568273597047299,3.136672876113808,0.631578947368421
0.8053143438545209,3.306255311147172,0.45714285714285713
0.7033340452026969,3.4366487835906625,0.5833333333333333
0.5903196436954989,2.595451561955187,0.5771144278606964
0.3379940365367714,4.298098995046695,0.6009389671361502
0.6064694903164399,3.402243021239242,0.5901639344262295
0.8962073074243594,3.218846925004919,0.505050505050505
0.7361057253972715,3.2609213117668165,0.42798353909465014
0.49575671181028663,3.4091656374565975,0.75
0.7205857273761108,3.3665112627391265,0.5333333333333333
0.5341845377631816,3.168290668129467,0.5603864734299516
0.6534640851363862,2.8136551796824083,0.5263157894736842
0.7536224979180942,4.925559079753043,0.4301075268817204
0.7120557501649616,2.9339545329185412,0.8627450980392157
0.6389275238021787,2.891697280716066,0.4629629629629629
0.8875069856773543,3.9510781023518575,0.41025641025641024
0.5897631024091831,3.3394678738595447,0.7407407407407407
0.5520295575101698,2.960449635541565,0.5523809523809524
0.4678212603042847,3.815926126506765,0.6236559139784945
0.7855018728599151,3.015187590263232,0.42666666666666664
0.6916913799520426,5.8108799726606115,0.20253164556962025
0.4255974996721532,2.5776377106655506,0.4021164021164021
0.5897170304871612,2.62532676848706,0.37209302325581395
0.43161665092875207,5.039901574240007,0.24096385542168675
0.5454036822043311,3.689251580342378,0.6904761904761905
0.43248670324861954,3.8377166605784776,0.48484848484848486
0.7957838732123724,3.4223696527599152,0.46464646464646464
0.7225927047304197,2.4483131320450617,0.46846846846846846
0.5752917294392501,4.076217391908128,0.43243243243243246
0.8613682906047065,3.1774664281061167,0.23970037453183518
0.746471938073877,2.614325678071042,0.6419753086419753
0.49575671181028663,3.571259552480676,0.75
0.4289539405960306,3.367909839406419,0.5
0.5709102059436068,3.0533438540855595,0.6557377049180327
0.492061301782841,3.748185897851261,0.3333333333333333
0.6126639626891275,2.443121862412637,0.40740740740740744
0.46137812191473904,3.985684642291389,0.4920634920634921
0.29560832123839187,4.343908590555159,0.45390070921985815
0.5601828862092231,2.7538143883584496,0.5087719298245614
0.9048639361279794,2.195910481986056,0.3963963963963964
0.6819973174852322,3.474506800038246,0.3111111111111111
0.5520295575101698,2.935708609900539,0.5258215962441314
0.542698662818624,2.576498669121481,0.38596491228070173
0.4088713476371901,3.126591348919189,0.6666666666666666
0.2995965087041353,5.25930924006949,0.2549019607843137
0.36207201179473264,3.3686051519660527,0.5977011494252873
0.5569878287042648,3.5969389862582783,0.46511627906976744
0.4304625052960198,2.926056786200885,0.3181818181818182
0.8092198055707801,3.363989992872261,0.4242424242424242
0.7430362438112366,2.446536919535692,0.4444444444444444
0.6508622321187666,3.07660001694258,0.30601092896174864
0.4203436131841273,2.7918704371261125,0.4337349397590361
0.27284468286841124,3.064678584486284,0.5267489711934156
0.5586100121442332,4.402570366856923,0.656084656084656
0.6008382880991822,2.7964730589832065,0.30409356725146197
0.8691373655190194,3.612454811090095,0.41025641025641024
0.6380855250815478,3.5734814262085814,0.4444444444444444
0.47882433180343764,3.6595290169563084,0.5021645021645021
0.42721622858477704,3.1360759643038048,0.5287356321839081
0.574013032473793,3.0675138620263613,0.6222222222222222
0.5987342120723792,3.3798351186307993,0.7798742138364779
0.4554179079500023,4.0573323990919565,0.30107526881720426
0.3631496122093856,4.172680296213281,0.6041666666666666
0.46120187012570385,3.8515547499868354,0.30363036303630364
0.6148808063563811,3.076294548711986,0.3225806451612903
0.6737574062805679,2.558315946983253,0.655367231638418
0.8476805494945905,2.558708695222684,0.6349206349206349
0.2979049878264442,4.196553596515196,0.5821596244131455
0.7121143415986984,2.5312817654076287,0.5263157894736842
0.6029665178310204,3.9075144737079945,0.2028985507246377
0.3262744439350512,4.114735652871628,0.43881856540084385
0.9222234649707199,3.568451088441754,0.21739130434782608
0.6166965998200398,3.8731783818862215,0.2828282828282828
0.47451458699350657,5.284074147102495,0.5333333333333333
0.4419361417946761,2.585274124410949,0.3414634146341463
0.7975280258788815,2.970206994907736,0.41025641025641024
0.7761952463694012,2.5564643218921628,0.8104575163398692
0.44197190841169226,3.8207781338768196,0.3163841807909604
0.3307359795527433,3.8259652010767535,0.23188405797101447
0.7127890747853839,2.9137950099342014,0.39999999999999997
0.3545387356688922,3.4817687906109676,0.5555555555555556
0.3103003864676433,4.32075564240048,0.5990338164251208
0.6374800411065735,2.758595497717577,0.49777777777777776
0.8951964068518666,2.333249859432529,0.505050505050505
0.494378621255155,4.110880454938437,0.3984674329501916
0.5980520893696071,3.4738379296206654,0.37777777777777777
0.5642529133188079,3.6925672859611876,0.6769230769230768
0.6446017269344935,3.6297681031147135,0.6564102564102564
0.38296719504392496,4.628011392356756,0.3076923076923077
0.8698909862390444,3.3598585586184875,0.4259259259259259
0.41815371584511996,3.026266574338659,0.5555555555555556
0.536853489210096,2.151888502914991,0.41314553990610325
0.5974825444080017,1.729462574713862,0.48677248677248675
0.8499535552132239,2.6617913127398616,0.5185185185185185
0.5351910962305277,4.189877450059434,0.5294117647058822
0.6815319153607943,3.1000843102451423,0.7515151515151515
0.7133929272263059,3.051555851884199,0.2376237623762376
0.5759254357198033,3.687248580529438,0.5405405405405406
0.6154609411250426,2.531668190019504,0.8985507246376812
0.5811715292804698,2.4865178309813984,0.5263157894736842
0.4453165349749891,3.7360165054550833,0.5333333333333333
0.1992135617788823,4.480271427227379,0.2941176470588235
0.47045654895991096,3.8665994520230544,0.6262626262626263
0.5541378821833068,4.516363343939501,0.34782608695652173
0.3599845802646094,3.621502872194754,0.6027397260273972
0.7161340537352574,2.2639864819860573,0.5024154589371981
0.4107601029155347,3.6441846954980885,0.6775956284153005
0.5961994602028212,3.4858324217482384,0.5511111111111111
0.8829631251602789,2.9022167801269774,0.5662100456621004
0.6657303865117961,3.5463873987748693,0.4830917874396135
0.6501126680639004,2.5595827336842216,0.5743589743589743
0.7045094236226073,2.994935842152424,0.326241134751773
0.5126246471760051,3.1310135655588267,0.45569620253164556
0.7851893158196787,3.5111702585486633,0.5499999999999999
0.2905236131727915,3.855438130889138,0.5098039215686274
0.8067350611521236,3.117033764448048,0.5765765765765766
0.27633670249557163,3.6971033511830402,0.43881856540084385
0.43498170080506127,2.5489498857833137,0.7515151515151515
0.5528917315839333,3.530201797539359,0.30107526881720426
0.33788082002404357,3.404644388689892,0.5194805194805194
0.6719005212205291,3.7960382225048583,0.4444444444444444
0.3804601085253705,5.995930879990898,0.1652892561983471
0.6896404534174136,2.7122208243527535,0.5185185185185185
0.537145779148607,2.595710782117571,0.7547169811320754
0.6947799907939711,4.29579583955382,0.6044444444444443
0.471587289744585,3.7499723161324656,0.6458333333333333
0.6820967634134095,2.8687768389304136,0.5945945945945945
0.6172316721368724,3.277328112295889,0.6041666666666666
0.7476691050838299,3.4189698616540483,0.4862745098039215
0.7109720500430291,3.5138053760008914,0.6888888888888889
0.7395021213759844,3.7499384573780823,0.5166666666666666
0.5563802314110604,2.932865719691609,0.45614035087719296
0.5204906315642718,3.235997837489963,0.47257383966244726
0.7033329936812349,3.416819931169421,0.6451612903225806
0.41863546593329665,5.0096709156380275,0.23529411764705882
0.47597364236194334,4.187901714461423,0.49572649572649574
0.7158987990189121,3.100103376818124,0.8627450980392157
0.38954986432355876,3.625957425909551,0.46090534979423864
0.7046506395108877,2.972120680828665,0.48826291079812206
0.38159671071775303,5.551509240069491,0.2786069651741293
0.7281779851704934,3.0165955023116453,0.6666666666666666
0.6396146236372497,4.007338879776704,0.631578947368421
0.1456880461838316,4.644341078199147,0.17857142857142855
0.7962276203346402,3.1378086891248334,0.7017543859649122
0.2872197666177847,4.606842879205127,0.5114155251141552
0.5623707954315155,5.458472471592492,0.19259259259259257
0.44642330024084864,4.488564802625004,0.2702702702702703
0.36111188720622706,3.2072916807319434,0.6779661016949152
0.8775021316722291,2.0694684701517367,0.3911111111111111
0.8141940833581813,2.6364697280858724,0.46464646464646464
0.1662785390771269,3.6304039101463204,0.41379310344827586
0.5987342120723792,3.3383286097550595,0.7798742138364779
0.6591705433030518,3.5132017949832814,0.5045045045045045
0.6822501122864879,3.7207997633307226,0.6567164179104477
0.1457531601520732,5.172464504515511,0.2333333333333333
0.4471190973479023,2.7452963404496877,0.5019607843137255
0.466158332651326,3.580432466301895,0.7953216374269005
0.8313501156432778,2.9073537427115603,0.3984674329501916
0.5734500322709677,4.285152151228469,0.31924882629107976
0.6764452229954134,3.5214993820141576,0.7320261437908497
0.786344484523726,3.1857686741909417,0.38095238095238093
0.7776688064884647,2.05848927214576,0.5294117647058822
0.5080481655250116,3.36860415576861,0.5662100456621004
0.5975987708588038,4.139504468224546,0.28415300546448086
0.7105730646029305,2.869998393367279,0.2836879432624113
0.5574993921894379,3.790596966127925,0.4444444444444444
0.16230525690642156,6.147637017054146,0.2333333333333333
0.43672563406607556,3.2111214816383953,0.5833333333333333
0.47000366832626156,4.013760626837012,0.7719298245614035
0.5438584551590031,3.36007814984473,0.30877192982456136
0.35743801239420053,2.9414218762003657,0.5649717514124293
0.6729721555550294,4.2433526941101265,0.2857142857142857
0.6841224850232956,3.638672064236051,0.2962962962962963
0.16636090015704935,4.391173969360888,0.5591397849462365
0.9041469679332256,3.0433289406447512,0.3739837398373984
0.2146160998805455,3.2537650193275107,0.26900584795321636
0.5783392867516184,3.1426184844847613,0.4678362573099415
0.6500790844092428,2.9135277353075733,0.4622222222222222
0.7666683179745305,3.595501154201447,0.1532567049808429
0.37072476004190474,3.9107929527222565,0.28888888888888886
0.5715640614705954,3.8927953079263613,0.5333333333333333
0.7545444045885689,3.073094768274605,0.537037037037037
0.5443972734467413,3.7983922944426425,0.5128205128205128
0.28406806621782593,3.6797158379749924,0.3939393939393939
0.6113297771321327,3.8103334714726635,0.45098039215686275
0.2083715216019009,4.614104512078317,0.49122807017543857
0.479582675726723,3.245545175331995,0.8333333333333333
0.3691366368991978,3.8033023293130865,0.4904214559386973
0.24529692205379336,4.64160233192646,0.25870646766169153
0.5592603463377017,3.233450797296758,0.5114155251141552
0.7215720115046599,2.5125978414093932,0.691358024691358
0.5925909527127277,3.3173921342145727,0.7798742138364779
0.5537236875925873,3.3293529693033594,0.43410852713178294
0.5132215580839341,2.6697379857633496,0.606060606060606
0.40917497660169994,4.407728979163989,0.4552845528455285
0.6453970983564025,2.8151787914368445,0.4931506849315068
0.6374220543512163,4.1270090737511005,0.5405405405405406
0.5072305156515404,2.604398353490284,0.5
0.5833291300520048,3.2864633451793193,0.5333333333333333
0.8264601143879537,2.606329268144531,0.6666666666666666
0.5982419291052222,4.728430232574867,0.391304347826087
0.5037632736446894,3.789830983601858,0.5063291139240507
0.4160527694332981,4.084048083949208,0.6868686868686869
0.16950771852048593,4.170699580682155,0.3373493975903614
0.7023331541226043,2.2502537669425813,0.5679012345679012
0.6651085608292003,3.720591858448545,0.6222222222222222
0.5312077660155698,3.4415774251618565,0.7457627118644067
0.5154568826616159,3.0562956792057783,0.48
0.5478621538506779,4.064855806606069,0.6021505376344085
0.37917873928065315,3.8046302805037824,0.5166666666666666
0.6101858624339812,3.586485551242765,0.4666666666666666
0.8461099587051253,2.934007420096467,0.5296803652968036
0.7727136500704955,3.3256133902964677,0.6197183098591549
0.5674625707710883,3.1417562137840545,0.691358024691358
0.4097295783384261,3.6032387918319717,0.4523809523809524
0.38751688075245866,3.5465572359527453,0.5945945945945945
0.627987053347849,2.8755850373753002,0.8888888888888888
0.4639860201748463,4.962948408251782,0.29850746268656714
0.4902847159388019,3.4591491406190027,0.5945945945945945
0.2928742432224721,3.002372399165022,0.5070422535211268
0.40670511169254014,3.5952466381364268,0.5063291139240507
0.8805546960981445,2.779771180006822,0.5294117647058822
0.5798755230132351,2.396108028604921,0.7074829931972789
0.6868737591486224,3.125802322996286,0.691358024691358
0.5414542575785323,3.219108160402051,0.47257383966244726
0.597227682919193,3.471728316132465,0.7777777777777778
0.7509954545873908,3.1266172805334245,0.46464646464646464
0.5957956899170517,3.703226038081546,0.6262626262626263
0.6439193716673898,3.1626737672500758,0.8395061728395061
0.37131823561285193,3.187452917310969,0.4504504504504504
0.6179867543765686,3.347516366498633,0.7757575757575756
0.4307267548406654,4.905697151648639,0.29166666666666663
0.5342234099109919,3.503664388358449,0.3950617283950617
0.43494848648050516,4.512007428238847,0.39716312056737585
0.6095186660006201,3.3805044030607885,0.6120218579234973
0.3478305903708859,4.084321378809072,0.42490842490842484
0.7833636137081923,3.0357226836580535,0.3963963963963964
0.4818081803088671,4.108352967744178,0.5176470588235293
0.7295407009014633,4.3859638614578245,0.2786069651741293
0.2763187568533371,3.359386766142043,0.5454545454545454
0.5729309692464827,3.2206801812218746,0.540084388185654
0.5447281269015757,3.822257760187229,0.3508771929824561
0.35171815297230086,3.272671395621579,0.4444444444444444
0.49133688811299175,2.9317911067072515,0.7017543859649122
0.7381813311997766,3.360351396067781,0.6666666666666666
0.6871067408113616,3.5617535536121885,0.6376811594202898
0.6779210487976062,3.0399467786806778,0.6349206349206349
0.17780273231088267,4.536973782009081,0.3526170798898072
0.7870062478769781,3.204042122739347,0.46090534979423864
0.47888125625168293,3.507838184228447,0.6779661016949152
0.5988603024289074,3.567026125662596,0.5844748858447488
0.7783182368744297,3.4039492397772024,0.6009389671361502
0.6166282962633841,2.853131839948311,0.34108527131782945
0.37550649433903965,4.241341898196409,0.2745098039215686
0.41051603237200346,4.435768083949208,0.6567164179104477
0.4257392246292455,3.133121311766814,0.5194805194805194
0.6158471203848744,3.1359958471528167,0.48
0.6810869152653518,2.9767102402191394,0.5743589743589743
0.819502872299,3.3040837410479202,0.39999999999999997
0.35657154707350314,3.9624638711637648,0.6137566137566137
0.41874660794169494,4.31518218777507,0.43939393939393934
0.34262986601690193,4.1346337187147055,0.47257383966244726
0.8393172410836506,2.8127911668760035,0.5990338164251208
0.545024332914077,3.2065635560293657,0.5333333333333333
0.5888782829444863,3.0085624560543867,0.5
0.347013151178639,5.0810694624197374,0.22807017543859648
0.6232160094258902,3.932488108294658,0.5714285714285714
0.5565054613925606,3.668579334674819,0.6666666666666666
0.7853503246012092,3.3656368150287452,0.16666666666666666
0.36847093833086914,3.051023504917479,0.5416666666666666
0.7154204292780009,2.603941881941738,0.6327683615819208
0.6021089458636313,2.776296277055744,0.7457627118644067
0.690852018071416,3.1106236761756634,0.5511111111111111
0.4810420201728202,3.479756765578438,0.5225225225225225
0.5201347070200228,3.5112724375948714,0.4025157232704402
0.6896404534174136,2.7444848802968096,0.4931506849315068
0.2993008883562888,3.4721712114478382,0.46090534979423864
0.6488893701878891,2.59069435107412,0.7142857142857142
0.3619082825867658,4.897893607120244,0.5087719298245614
0.5171837969018864,3.767799255003383,0.3076923076923077
0.4782936103435043,3.2923142588352183,0.48648648648648646
0.5428683100451288,4.884425861171986,0.23255813953488372
0.7094139949413386,3.8890530837447397,0.5252525252525252
0.43885290925374637,3.4777147939126065,0.5217391304347826
0.42137649754572076,3.732287665762967,0.5299145299145298
0.6154609411250425,2.7441979977118116,0.72
0.6796946066800189,3.300697564535649,0.6564102564102564
0.6389275238021787,2.7478117777574855,0.48826291079812206
0.5291868572542304,4.206669266142042,0.26666666666666666
0.7147880241413084,3.243573303655867,0.3715846994535519
0.484258198043718,3.4652573390638883,0.6021505376344085
0.5789898016435858,4.7387744643684275,0.4590163934426229
0.6163490000103818,3.003619752036224,0.639269406392694
0.650300088833572,3.3220222698975608,0.7251461988304093
0.23453948645832096,5.040315212955482,0.48484848484848486
0.34913134309398525,3.982338729794705,0.4615384615384615
0.4836824127651059,3.923000600496957,0.3389830508474576
0.6141982440519105,3.357879736982733,0.5079365079365079
0.6143154014731411,4.085805075668366,0.7555555555555555
0.7167694329624716,3.455056268795188,0.5142857142857142
0.6609859613418397,4.106511242974073,0.42490842490842484
0.5897631024091831,3.00657583469369,0.9066666666666667
0.537840110512516,2.8109502392959467,0.4629629629629629
0.5045302477589265,2.3925320577011338,0.5057471264367815
0.49062918662036364,2.4582789662589395,0.4808743169398907
0.7482614274346782,3.2371054520118374,0.6444444444444444
0.3853503546744463,3.793966513754354,0.3333333333333333
0.8669188641509514,2.989077994124573,0.588235294117647
0.6203553741592315,3.3044863477369066,0.830188679245283
0.670603956805824,4.250545872605159,0.6984126984126984
0.37984391721047245,3.482067640910004,0.49777777777777776
0.4348750428536626,2.835568647509392,0.6436781609195402
0.80882437502403,2.27177384021239,0.5633802816901408
0.8326041222816709,2.559844266517768,0.293040293040293
0.2741165000780066,5.071482319591275,0.24390243902439024
0.9011362045160403,3.649692044093026,0.6009389671361502
0.34727736701093825,3.3175480164123954,0.37333333333333335
0.49527854774158636,3.520706460718258,0.5688888888888889
0.6540255197282461,3.8817863093777394,0.6464646464646464
0.5123081314053313,4.326721864260618,0.4383561643835616
0.5006036950067257,3.104859278680679,0.2564102564102564
0.5476799177525149,3.612644126100525,0.5040650406504065
0.7395840174446086,3.3064789885209738,0.5294117647058822
0.7495772616671591,3.4145201367614675,0.42328042328042326
0.5939762670259449,3.0899157316611614,0.6296296296296295
0.7114820510911666,2.955629089131559,0.7798742138364779
0.666991933345511,3.391443021239242,0.7619047619047619
0.618264331688765,3.259541930883076,0.6206896551724137
0.3604573193000289,2.7893316178658303,0.5464480874316939
0.2374832640840517,4.4460799325199485,0.5363984674329502
0.6977513784628784,2.4915432402614073,0.7948717948717948
0.6132063534980048,2.850826043578248,0.6095238095238095
0.8753366942239641,3.0377800135037694,0.24242424242424243
0.8790738368792319,2.0579258666014404,0.5
0.5313656636126654,4.629129963557179,0.27826086956521734
0.8193672465021434,2.594785037375299,0.5416666666666666
0.6541609171312408,2.9230936868614794,0.5925925925925926
0.5047585083983844,3.1246157859555073,0.5818181818181818
0.5421434132872966,2.49942784183556,0.40888888888888886
0.8587649937863902,2.9866616680258726,0.5948717948717949
0.6732077149888194,3.464206383377343,0.9425287356321839
0.558135057670764,3.263880917504893,0.6779661016949152
0.7606870221507183,2.076272254877315,0.431924882629108
0.5626127136254436,2.9034200518360933,0.7555555555555555
0.6997345897626543,2.8851156067241064,0.6197183098591549
0.5144183241795569,4.0655204225437975,0.28717948717948716
0.6136829785228328,2.710250051071398,0.40740740740740744
0.49935303133620057,3.027938573220788,0.5299145299145298
0.5057089940643367,3.677406221816444,0.3764705882352941
0.7129557535133038,2.6887824574543053,0.4444444444444444
0.7267303671302391,2.985440654986201,0.7320261437908497
0.6448609483943517,2.1798519099898854,0.4444444444444444
0.22627333559073326,4.351958017530529,0.25925925925925924
0.6068430950957804,2.6053167477118127,0.7619047619047619
0.5524730838458587,3.2056316121369743,0.5714285714285714
0.7058993779643309,2.152830585692138,0.7044025157232704
0.4520283312835771,4.991970814424631,0.4542124542124542
0.49068560964808133,3.803696694365094,0.6666666666666666
0.2566752685624683,3.2858438820309672,0.6549707602339181
0.27925445185787123,4.309809910380084,0.46808510638297873
0.35847765476474774,3.661587842257326,0.691358024691358
0.5211989798103902,3.8697455245000754,0.7231638418079096
0.5800797649045414,2.936574266142042,0.6994535519125683
0.722723327142596,2.458048997739347,0.5
0.522947597848804,4.171517496761625,0.31746031746031744
0.47042310785907526,4.3944111647850175,0.2708333333333333
0.6823661798755418,2.7349827836746456,0.5686274509803921
0.47024492454157146,3.189478558336611,0.4504504504504504
0.6813395830365997,2.4662974423165185,0.5952380952380952
0.6210967523236783,2.8845401540435596,0.46441947565543074
0.4380531408490179,4.486074250926181,0.37606837606837606
0.6953767500549738,3.26981827256465,0.4444444444444444
0.510834580536673,4.040824185876447,0.5990338164251208
0.5097877710150069,3.6008730649779013,0.7708333333333333
0.35302672561160503,4.1089984973381215,0.639269406392694
0.762379209421826,3.3283162205970616,0.39344262295081966
0.5861937114818222,2.9782419709883694,0.8045977011494252
0.601088460258728,3.250440626837012,0.6021505376344085
0.2644618683138364,4.05032437271162,0.7179487179487178
0.38765261147871743,5.265789988293362,0.29850746268656714
0.7435065007571352,3.503704325260135,0.6384976525821595
0.4166571020236269,4.106442280813239,0.6666666666666666
0.4223219036207873,3.474518334099322,0.5194805194805194
0.4443957926113677,4.173855180213162,0.5128205128205128
0.6397369178962039,2.8534943424515564,0.5541125541125541
0.3608810758490518,4.371060588324223,0.2631578947368421
0.28399368230086913,3.405179072181033,0.47257383966244726
0.7900835843087429,3.2529659471008543,0.5410628019323671
0.5784285535575949,5.021182513889063,0.6779661016949152
0.78674198956786,2.686296381526658,0.5743589743589743
0.8326427590125579,2.9425492554540913,0.5
0.5851694143055362,2.939437260815751,0.4444444444444444
0.3783100381553909,5.015284280142987,0.6197183098591549
0.7274409850496218,2.6794260172992015,0.5656565656565656
0.8476251963163928,2.320668691221453,0.4380952380952381
0.4485391348527509,3.535002322996286,0.38095238095238093
0.5359089703791159,3.0126466300762162,0.6027397260273972
0.598052089369607,3.744486968082205,0.43678160919540227
0.6184374866237564,3.4065050551882443,0.6464646464646464
0.4496776540936243,3.078053432754074,0.41558441558441556
0.2936626857092399,4.699848654929217,0.2597402597402597
0.22835391569172914,4.997916326022652,0.2751322751322751
0.5474405646161541,3.4604111554432784,0.5901639344262295
0.6436994930862588,2.8151626354074715,0.42105263157894735
0.8898003889876684,2.910307193928542,0.2735042735042735
0.17319996989358494,3.439488969647422,0.3746556473829201
0.4672036309628755,4.026718509016947,0.5263157894736842
0.6603667216606924,3.5031264609549257,0.7953216374269005
0.504514764623721,3.6288274363127986,0.5818181818181818
0.8773298613667561,2.1965405206661632,0.39316239316239315
0.8460046568520713,3.055907608161183,0.47257383966244726
0.48867058183773837,3.420166575836838,0.6666666666666666
0.537145779148607,2.567861794263319,0.6081871345029239
0.2902963018308607,6.123609716528224,0.41134751773049644
0.7066462413629192,3.548850698103907,0.22857142857142856
0.5299014053290523,3.821492926259438,0.6451612903225806
0.5340884995535132,3.1802271381515546,0.4444444444444444
0.3531710606894587,4.039373293016165,0.8087431693989071
0.1631450193186692,4.9278796827395395,0.6197183098591549
0.36985087495638375,4.69881242861409,0.6564102564102564
0.8039090054238277,2.758161949237593,0.5258215962441314
0.5818855801664566,3.735906491322636,0.6327683615819208
0.6925818100722037,3.044793942951997,0.5797101449275361
0.44392934110894156,4.133738222504858,0.5194805194805194
0.6349939039092388,3.245032526982512,0.7431693989071038
0.648042684334442,3.7247136256645828,0.6451612903225806
0.6580405848098554,3.585745094490904,0.5844748858447488
0.6368070279238218,3.5318461305617177,0.25225225225225223
0.5233869161811936,2.7078017578571707,0.5333333333333333
0.770952287868811,2.7095374821813216,0.896969696969697
0.5051505823243477,3.6648883505136283,0.5666666666666667
0.3860777141369781,4.009296304521435,0.18604651162790697
0.16672818201100448,4.13689126639213,0.3333333333333333
0.7251902226119689,2.7625961306239706,0.5517241379310345
0.488899587105472,3.986841659161356,0.5194805194805194
0.3183558584924325,3.8923090267536624,0.6166666666666667
0.6674988844839788,3.752942964198425,0.6577777777777778
0.7608958791454643,2.5397897684968314,0.45714285714285713
0.5446682511493676,2.8512754362908,0.45614035087719296
0.5386297765214608,3.498128296946546,0.5194805194805194
0.4872951159878275,2.5396384819860565,0.5294117647058822
0.4882151435207464,3.548121937230155,0.8813559322033898
0.36449484200719817,3.7197240851379227,0.26190476190476186
0.8002578198059519,3.0416444714926794,0.6549707602339181
0.45935600204108035,3.9983189457820014,0.42028985507246375
0.3665343983101084,5.380073545846301,0.1616161616161616
0.18721136870686944,3.242632983076568,0.39215686274509803
0.6154609411250426,2.629932613096427,0.8055555555555555
0.7061861098515134,2.2747700418808403,0.7272727272727272
0.4377602890415784,4.11138957336819,0.5964912280701754
0.45922867057774924,4.343342163800373,0.6549707602339181
0.24993271994862584,2.75148107536738,0.36734693877551017
0.6478631115571581,2.5879982055435704,0.7999999999999999
0.8131752754713323,2.426069444607993,0.4385964912280702
0.5022368708462613,3.6260335045383414,0.7708333333333333
0.2817398223613139,6.1353444651630875,0.24691358024691357
0.7261441008567235,2.9403627836746455,0.5572139303482586
0.7327263466760928,2.8391795110329117,0.48484848484848486
0.31115587207932616,3.550731253521043,0.6222222222222222
0.434632562847485,3.954310143279262,0.4920634920634921
0.3201741640969562,3.422005234195857,0.25
0.5436343040102647,2.884715112404159,0.6666666666666666
0.6307921424057615,2.8467435067964466,0.7515151515151515
0.37751354152263067,3.540738873999807,0.5045045045045045
0.1936522722354886,4.3620713897703824,0.3984674329501916
0.6188811143180954,4.823075071382888,0.49382716049382713
0.22176152874647725,4.738529249450375,0.6078431372549019
0.2878777808730036,4.774052644287549,0.5964912280701754
0.43327273600771343,4.286016970988371,0.6994535519125683
0.2524331152791799,5.634609872726859,0.6586345381526104
0.20749068131356468,4.306399066108248,0.49777777777777776
0.7644631613126684,2.4558579251398545,0.33699633699633696
0.40355990443308737,3.9282348152470767,0.5714285714285714
0.24253326601684827,4.289194630688593,0.23188405797101447
0.29922860268804585,3.577940321082016,0.47154471544715443
0.6179867543765686,2.9903042935204383,0.7757575757575756
0.7737076489036692,2.9426290738343504,0.6666666666666666
0.602951610060756,3.34466142144369,0.7017543859649122
0.25724743280706136,4.204616320140319,0.46090534979423864
0.5995070351222344,3.547875001351012,0.6044444444444443
0.5546585651384046,3.78376387552294,0.6041666666666666
0.21917791969963948,5.321141686234257,0.2311111111111111
0.477559271803477,3.8035065914410264,0.3333333333333333
0.8051474755838454,2.9253949024834522,0.5258215962441314
0.3925973947577533,3.2476736249770415,0.4675324675324675
0.5904230896794621,2.071043659309936,0.49122807017543857
0.6892183115353384,3.0188683019263554,0.5185185185185185
0.3713674786148707,6.119932703193867,0.32786885245901637
0.184150796624869,4.695457665428625,0.6666666666666666
0.21118588857825882,5.222552278394113,0.24413145539906103
0.6489805726593513,3.776316491362472,0.5021645021645021
0.836029616720194,2.382178385497909,0.4392156862745098
0.4999937551064431,3.203144868992217,0.5714285714285714
0.665283548055022,4.3114950769562,0.6567164179104477
0.2594993596990299,4.436555225580501,0.5333333333333333
0.31348895072797817,4.458767894139017,0.537037037037037
0.2931470831711013,2.273675827142103,0.42937853107344626
0.5729487344410936,3.9601124196135444,0.6567164179104477
0.3780816806619932,4.270696300644906,0.6666666666666666
0.6812550867393073,2.619741146490041,0.7160493827160495
0.27082347841011906,2.9577660208677408,0.5777777777777777
0.5987421343844191,2.6851260182122,0.631578947368421
0.1662627507532204,4.0807738179702895,0.611111111111111
0.46742941838280094,3.0591037037600888,0.7586206896551724
0.3293329923556924,3.923546979735832,0.6476190476190475
0.42104939314925843,3.9163771096804556,0.5691056910569106
0.6158473550696324,3.554988683121115,0.6666666666666666
0.22123436547460187,3.4981466539518156,0.5307443365695792
0.5689779579915423,4.430197248808314,0.41666666666666663
0.4035647065039354,3.7985739638398908,0.5063291139240507
0.702459216234511,2.8042446810396235,0.6476190476190475
0.6980379846465317,2.712509760363494,0.5765765765765766
0.5869686439599443,2.926567584259514,0.5
0.2982459820794982,4.149151744658295,0.5208333333333333
0.40596673813439804,3.608507239215056,0.49382716049382713
0.3324660768598894,3.9641134211181965,0.5301204819277108
0.4838206088340624,3.0876619604522215,0.6666666666666666
0.5110680342018613,3.3598937457133378,0.7195767195767195
0.3258019345270584,4.5347557007478505,0.7096774193548386
0.8331638396479786,2.7297710913669526,0.6772486772486772
0.32874098692695514,3.806200708446564,0.42512077294685985
0.40232424498351527,4.791440918799345,0.4606060606060606
0.5095121101016937,3.8204213634111523,0.5614035087719298
0.46797753747191206,3.970858784309744,0.6868686868686869
0.5975942167242669,3.4319832962132804,0.5572139303482586
0.6239405605254875,3.203414533560492,0.9491525423728813
0.680797140404713,2.370634263898946,0.7948717948717948
0.5762772421880267,2.7720581896243353,0.6779661016949152
0.506431373136746,4.049043449855349,0.6875
0.6277637835408051,3.364392279508751,0.45
0.6912401428743359,3.8252455529054146,0.8505747126436782
0.6840294643514679,3.3335186693735057,0.25098039215686274
0.390340005729219,3.502996128609647,0.655367231638418
0.48925547653110274,2.777815201076754,0.5614035087719298
0.7043115704667892,2.47836130326826,0.32067510548523204
0.5705409746055483,3.571879073834351,0.6041666666666666
0.4592931420173374,2.4024385974447444,0.4121212121212121
0.7677216865265567,3.9284736866604097,0.6923076923076923
0.36323047300447436,4.455138341398737,0.6857142857142856
0.6381439798239242,3.6501487297947053,0.611111111111111
0.28853285497936493,5.071972617141693,0.29166666666666663
0.6508230258333052,4.039905589927672,0.5155555555555555
0.3641021558720306,4.281958214879175,0.9491525423728813
0.5539998066979898,3.037334276971805,0.39716312056737585
0.4980136923224036,2.675429602720028,0.5
0.44968438603663885,4.254217144865832,0.2751322751322751
0.5632395955616323,3.2352452250032773,0.6368159203980099
0.5933470560293822,3.5515275884620934,0.7450980392156863
0.30588346560560914,3.2108564813105804,0.41134751773049644
0.9377048062877492,3.1437507765854997,0.3371647509578544
0.5227517899233212,4.058559717206096,0.3333333333333333
0.39588274750504393,3.7053960231479,0.5738396624472574
0.13887702905982474,5.56058974528718,0.19999999999999998
0.5755845911966099,4.255433726307519,1.0
0.4303384445110217,3.719142279508751,0.6956521739130435
0.18116539780916996,4.338425410372325,0.4025157232704402
0.6992590060501023,3.4205661248581407,0.8087431693989071
0.5648514964767275,3.1568169465129277,0.39999999999999997
0.6355727351143462,3.4312785583366114,0.6368159203980099
0.29145276765722805,3.1348191796538423,0.6283524904214559
0.39829554486381913,3.651977523958484,0.6896551724137931
0.6666051007969325,3.491422997711811,0.5679012345679012
0.27328837176962084,4.852283399465667,0.7380952380952381
0.8085156516129282,3.3128825724765356,0.519774011299435
0.8150084440439315,2.5490542072586173,0.5333333333333333
0.5076734813875619,3.6862058006632683,0.7272727272727272
0.20439286259358758,5.152996225299598,0.2745098039215686
0.3146557839151339,4.129212872178457,0.6557377049180327
0.7655275834982442,3.501915965023766,0.6095238095238095
0.5366202363326145,2.860222555438691,0.5146198830409356
0.6204723815881432,2.6663152010767543,0.5614035087719298
0.6472197866458435,2.434603889876481,0.3466666666666667
0.2580584678543681,3.6590073907033513,0.7384615384615385
0.4576550086562251,3.5334467806831658,0.633879781420765
0.6148286375136028,3.134768244203901,0.7515151515151515
0.5617834286969341,3.1848756582042315,0.6666666666666666
0.6774046774177528,4.076350065444051,0.7777777777777778
0.48291068531045833,4.145999110205257,0.5948717948717949
0.5024619149906782,4.1987639514718,1.0
0.4747761616918718,3.477580432526832,0.8421052631578947
0.8959517978688324,2.7578489422445838,0.46846846846846846
0.35971387999244536,6.994900771033203,0.23423423423423423
0.5964539705786105,3.13474947149268,0.7272727272727272
0.4532590098092689,4.372233092227056,0.8979591836734693
0.42266572461666974,4.184046287970416,0.3870967741935484
0.4155778221050207,4.382134757742975,0.8306010928961749
0.45872089227536306,3.338078394111607,0.3555555555555555
0.2405788374090769,4.162490456024922,0.9122807017543859
0.8316669855145254,2.9784129275565654,0.38314176245210724
0.7014805317584761,3.6071396310389723,0.2374429223744292
0.5197457565555915,4.170137833403821,0.6896551724137931
0.31712515190253143,3.244383901275831,0.75
0.4719798516426827,3.407705317095579,0.7126436781609194
0.12890732413053937,4.300390332240401,0.1932367149758454
0.5642846980845571,4.237467712755287,0.7777777777777778
0.6523814408953431,3.428778970478997,0.6197183098591549
0.4109084316113928,4.505902080784349,0.7380952380952381
0.42068742126626546,4.127461062686427,0.9361702127659575
0.7145433357319101,2.522702313893433,0.3161512027491409
0.12158916633888023,4.220847855689184,0.39285714285714285
0.2698649218271687,5.694814325260136,0.22727272727272724
0.7116447676496398,2.5317328239469816,0.2893081761006289
0.621873607503258,3.915151348839042,0.14545454545454545
0.3152131487688803,6.122168764448889,0.17486338797814208
0.5511056131134844,2.7590139443210067,0.9047619047619048
0.38339234435169506,4.428751396067781,0.735632183908046
0.33383671954609484,3.847239274350157,0.588235294117647
0.40418832951236594,3.9847057063268316,0.6567164179104477
0.7831615751823338,2.692309293977887,0.6666666666666666
0.57558459119661,4.366282498811611,0.981132075471698
0.36509404887123587,3.413305996911273,0.5454545454545454
0.1135949006436317,5.246778685065933,0.2196078431372549
0.35956233332714,5.203692037339421,0.7999999999999999
0.5557323752331201,4.978397676875125,0.6262626262626263
0.42876871888934615,3.506814288680565,0.6666666666666666
0.5481340601537479,2.8174616481419967,0.3870967741935484
0.6453854264483915,2.4369850261606683,0.5
0.7828407994657084,3.564709926427077,0.417910447761194
0.8692434184835042,2.9405238990390252,0.625
0.5395636238540801,4.377947163800373,0.5333333333333333
0.22901992513748853,3.768636985815724,0.7650273224043715
0.7092939016455031,2.9833971638003725,0.7654320987654321
0.3471586898807733,3.4477328843268475,0.5517241379310345
0.688642086040273,3.856021960452223,0.930817610062893
0.7757464688054523,2.7340081230411606,0.49523809523809526
0.19280050593480577,5.087086683028532,0.7916666666666666
0.7488141004229184,3.0690646400694757,0.6078431372549019
0.4585614592471333,3.471602448040316,0.7160493827160495
0.16014141747275376,5.757428620180107,0.19607843137254902
0.49189000280509837,3.6721697577517425,0.7431693989071038
0.7061812307787451,3.0699304144887885,0.6206896551724137
0.6728840459064402,3.5570484768424393,0.4371584699453551
0.3375583934489496,3.6860804047723352,0.8306010928961749
0.8178052997180699,3.451398490907555,0.21666666666666667
0.733291112361976,2.9394380970800285,0.7526881720430108
0.5168538505219554,3.6706589385677484,0.5
0.417006029889961,4.117721243933174,0.3982683982683982
0.16982447258786584,4.73859023359009,0.32380952380952377
0.7412496049796682,3.7111436848884445,0.588235294117647
0.7694629001680118,3.2502088490571097,0.7816091954022988
0.5543572154495225,2.9584293946572338,0.7692307692307692
0.44085030219995747,2.9552590539888897,0.7384615384615385
0.7539644051380688,2.840095806606069,0.8095238095238094
0.40988582811189284,3.0592170290729808,0.5476190476190476
0.7692755821585173,3.2659331188039165,0.5747126436781609
0.4433648325425898,3.2967095770086807,0.9122807017543859
0.7843513931995241,3.2829816698396534,0.656084656084656
0.6480514666286439,3.3634131248345245,0.5454545454545454
0.7253756904867987,2.8437675353728125,0.6349206349206349
0.16616893342659061,5.602591224544012,0.24242424242424243
0.5908870218673378,4.127013754569759,0.42328042328042326
0.6476970430126965,3.5110975064856893,0.6763285024154589
0.5257869868376488,2.934982820928184,0.7179487179487178
0.18369643065904095,6.45262753125831,0.15584415584415584
0.4295119115439694,2.7244704710905197,0.9382716049382716
0.48203238222810685,4.440258685315321,0.9122807017543859
0.4798918662476414,4.329696779184989,0.9333333333333332
0.5964539705786105,3.103214856108064,0.7272727272727272
0.6762925462914281,3.602404199362251,0.5523809523809524
0.49911815850797914,3.5899366690997745,0.7798742138364779
0.7382008787149511,4.1709906901616,0.25688073394495414
0.5668763000551922,5.118382759776167,0.25925925925925924
0.602951610060756,2.8997372605534046,0.7017543859649122
0.18119264052915987,4.843554394362167,0.6956521739130435
0.18982838531166252,4.946891167999384,0.7956989247311828
0.22420685939254256,5.886645247388125,0.2716049382716049
0.6095072495389946,3.7207817634648155,0.6470588235294117
0.4435779644006039,3.433512293350079,0.5176470588235293
0.7336991643681894,2.9830680297841745,0.7757575757575756
0.7427080947042882,3.3369703164206648,0.6948356807511736
0.6867282904431016,3.3500687609978366,0.35978835978835977
0.21542594105505267,4.734036834674819,0.8505747126436782
0.6121868811303787,3.432212051697415,0.3125
0.35782494691244593,4.597034268144531,0.735632183908046
0.3001673100280633,6.1944026424412,0.12698412698412698
0.31148310889250613,3.933598887849236,0.5614035087719298
0.5746064402391623,3.9303578146879463,0.3383084577114428
0.6439117468670276,2.9786976864079975,0.5818181818181818
0.5289501843539226,3.6777603179485183,0.49777777777777776
0.6902736928849683,2.7839445691478755,0.6888888888888889
0.7493278272660413,3.183730233292229,0.48826291079812206
0.4605168094118775,3.168075994234046,0.8306010928961749
0.2638457904242471,6.729499620293583,0.2745098039215686
0.42644455003088333,2.830173785126023,0.5333333333333333
0.36488990711236224,3.071020466945874,0.4979919678714859
0.5675614265295784,3.075521313709552,0.5591397849462365
0.42126679127155453,5.110392482444999,0.8571428571428572
0.7053929665544244,2.8052290327573797,0.37275985663082434
0.6131185209020835,3.462340811111609,0.846153846153846
0.577228228570792,3.962688906321958,0.6183574879227053
0.5375461503019914,2.649179141970116,0.5299145299145298
0.49273935972879235,3.8947251711545636,0.6557377049180327
0.5653529796139939,3.2691324478155472,0.7999999999999999
0.287821726867946,4.805381248337058,0.6384976525821595
0.5479237984190652,2.871607420096467,0.3666666666666667
0.524263972385196,3.9404900232931226,0.41379310344827586
0.5930386813463238,4.254160230901235,0.6769230769230768
0.6643081720244891,3.2380323907033493,0.4622222222222222
0.5950734104767426,3.1701733046035807,0.8809523809523809
0.2983001519117107,4.842213118914243,0.8524590163934427
0.5001414116338732,1.8821873153934625,0.5490196078431372
0.8379391059179269,2.748949663296063,0.6041666666666666
0.41600565633568876,3.611457896796817,0.49523809523809526
0.5627615820450421,3.053581532975495,0.8533333333333333
0.29375802487493874,3.3593022284422087,0.22695035460992907
0.5897901192299619,3.135698643090313,0.6666666666666666
0.6057929405594495,2.641502401736597,0.2857142857142857
0.18452864857334403,5.176948709852569,0.2328042328042328
0.4106313582588298,4.597282375088761,0.9056603773584905
0.5367476631132759,3.140241577810712,0.6172839506172839
0.31460636422667176,3.688616378352597,0.5243445692883895
0.4942397731480302,3.7493661537595058,0.6572769953051643
0.1197982079413622,4.719249857606242,0.7005649717514124
0.2544658431782329,3.5344468525092987,0.7164179104477612
0.24487177009886754,3.4674342236431173,0.3386243386243386
0.5003324151352657,3.5904375499139354,0.6021505376344085
0.538602137050929,4.666302460582298,0.6766169154228856
0.273561351961787,5.5963998164613695,0.23188405797101447
0.5445710088164217,4.8253296346544925,0.896969696969697
0.5561818137591659,3.7282881203020946,0.9743589743589742
0.5153026390647965,3.279143942794292,0.5866666666666667
0.7822397693406387,2.801358539274684,0.5208333333333333
0.5400638788188121,7.767264107187906,0.1714285714285714
0.45704921086026257,3.6444092738202336,0.6274509803921569
0.6248474988388986,2.857240421990685,0.930817610062893
0.6697193877440994,2.2455155594270444,0.7251461988304093
0.25385049754640787,4.67941526635871,0.8361581920903954
0.16805603921185788,4.753218735798422,0.8125
0.6168261159450944,3.8371217506620123,0.43781094527363185
0.5018951397164237,3.807966170767366,0.7922705314009661
0.6637111557988822,2.4587866889859935,0.48484848484848486
0.40807663008783474,3.7917935334686286,0.711111111111111
0.4171805907114185,4.2462095128997746,0.7126436781609194
0.6730236996585504,3.6895858379856943,0.7757575757575756
0.5925909527127277,3.368115211137649,0.7407407407407407
0.37787054597733793,4.463070509249903,0.5977011494252873
0.3459837677618086,4.256593768342498,0.5194805194805194
0.5255598454878365,3.8103836640904696,0.5662100456621004
0.6587493813655034,3.2237597492207763,1.0
0.7380066686748116,3.320399215370025,0.5114155251141552
0.3641021558720306,4.39320217092313,0.8042328042328042
0.5273283801507964,3.069651187695831,0.6376811594202898
0.8319604867697066,3.592941246640609,0.5027322404371584
0.7478606542909622,3.492344793093798,0.21399176954732507
0.3482096355829679,4.704197163800373,0.7654320987654321
0.2885591483651893,4.6444086572439405,0.8602150537634408
0.17553652187474186,5.580897403534758,0.7794871794871795
0.5724077850836202,3.6666596122756534,0.656084656084656
0.7392299940174942,3.1879054457410883,0.5990338164251208
0.5643390177052647,4.00146526376702,0.625
0.6067647930389873,2.819707742485795,0.6274509803921569
0.6151807977682037,3.324112783052408,0.48945147679324896
0.5302025445503531,3.8134992537155297,0.3225806451612903
0.7108607618995159,2.872692395234832,0.6888888888888889
0.18825059465327107,4.665102807525498,0.6984126984126984
0.3799364454638167,3.6500177939437712,0.7741935483870968
0.3646947718435414,4.252139165967005,0.6190476190476191
0.5128868420656052,3.5838341896340458,0.8553459119496855
0.6092435494952262,3.623686580342378,0.6206896551724137
0.38663130478737295,4.7567438820309675,0.7030303030303029
0.6225704291228834,3.3840842875167194,0.7757575757575756
0.6257993413804546,2.501139304444669,0.606060606060606
0.6800173174005779,2.764219368044774,0.38951310861423216
0.642228983109881,3.462820960350072,0.8571428571428572
0.4445495608553024,3.182924056646689,0.9523809523809523
0.473239854161717,4.325608435928801,0.6476190476190475
0.4515476753208281,3.0791879099040544,0.6120218579234973
0.3254459789051038,4.9622681036845755,0.639269406392694
0.7837902698859959,3.2113631455068443,0.7555555555555555
0.7885947976643514,2.3656134619984623,0.6451612903225806
0.76036485137408,3.378789923020382,0.24742268041237114
0.689419058821798,3.0106587643297233,0.6183574879227053
0.6983038781289478,3.4793157769835794,0.5225225225225225
0.7093353338968836,2.7047620082200616,0.4931506849315068
0.37403789760412237,4.350349578468048,0.655367231638418
0.5178762383747177,4.3093217397794525,0.31924882629107976
0.5466841321537589,4.449496710753096,0.9934640522875817
0.7424045504028416,2.469459669126527,0.4444444444444444
0.4403364272123381,4.078418839492976,0.5964912280701754
0.3982050268768256,4.1571434170338115,0.7323943661971831
0.7953425489751799,3.0702238941487314,0.3982683982683982
0.47214372806952803,3.9924489372767766,0.8533333333333333
0.49187611050974467,2.9790370012672813,0.5622489959839357
0.7568409366941266,3.142564542920928,0.8641975308641975
0.7863176770321046,3.1777396950038783,0.36923076923076925
0.22481023735660272,4.896216237684403,0.8253968253968254
0.6079451818755984,3.1738442632006496,0.8242424242424242
0.6783413992936081,3.2616334993657663,0.6120218579234973
0.48680147250634775,4.030639443421711,0.7901234567901234
0.5292056521819273,3.572033817970289,0.8888888888888888
0.8000114025781953,3.3472783311677095,0.3137254901960784
0.6404226881937425,2.7188438139625895,0.3129251700680272
0.3977917713720439,4.5863535560293665,0.5087719298245614
0.4798918662476414,4.367548702261912,0.7654320987654321
0.6028723283290425,2.2243342845985374,0.43243243243243246
0.45986696633822755,3.3996247344847603,0.72
0.11184906276247843,5.389413159934119,0.7708333333333333
0.36507020405890794,3.2716979546667755,0.46586345381526106
0.668382699909052,2.7539101075216603,0.8104575163398692
0.5863771394035672,3.0581789935476795,0.5432098765432098
0.6094071904804437,3.9821580832144,0.7798742138364779
0.19875755825668426,4.110429842498174,0.7650273224043715
0.46531983817850486,3.792720937520798,1.0
0.6075724578827271,3.041155955834303,0.5461847389558232
0.6747727134329164,2.815395004535633,0.41379310344827586
0.3159167751531656,4.583812859255818,0.7741935483870968
0.4015803936541213,5.040579603905588,0.9696969696969697
0.5086481143196802,5.85004786876581,0.5021645021645021
0.4270894066706179,4.151587063424932,0.7547169811320754
0.7795801066912229,2.6946857756274696,0.3111111111111111
0.6200439072932105,3.2815470501623514,0.5405405405405406
0.6404105428747491,3.3041055415379565,1.0
0.3152626280637408,4.409879061407838,0.2222222222222222
0.45045050566374595,4.494020472470931,0.6324786324786325
0.4378602278780888,4.275052068658704,0.7878787878787878
0.4038444781606918,4.6840423621720495,0.8042328042328042
0.4938662437372281,3.156167005173449,0.5964912280701754
0.717065104330203,2.5241952990231393,0.6545454545454545
0.418857246988788,5.825609438051998,0.5294117647058822
0.2987105286870719,4.420263927382152,0.7164179104477612
0.7254196854189926,3.431690632461593,0.3292181069958847
0.5870070129999176,4.256302988520973,1.0
0.5128868420656052,3.5756418819417384,0.8974358974358975
0.5763958017642158,3.2097362107301723,0.6545454545454545
0.4902755432563482,4.417730492445619,0.8654970760233918
0.6325006566938729,4.048594492244842,0.6126126126126126
0.5318875262544862,4.314026274545972,0.6210045662100456
0.5940516597508159,3.5447399115978966,0.6984126984126984
0.6041876484190376,2.7711788835291458,0.8484848484848484
0.5224330248017134,3.706263859963716,0.8553459119496855
0.5610182921319655,3.3311309738168866,0.655367231638418
0.32329305296292404,4.5975012267678075,0.48062015503875966
0.730957215475812,3.0797421554392717,0.5194805194805194
0.2974798600414081,3.6381543068814732,0.7457627118644067
0.4924311466215405,3.070572267647023,0.6570048309178744
0.7519171653691064,2.8065483191447047,0.8888888888888888
0.5799469028257401,2.971633204298321,0.6666666666666666
0.8019729098628248,3.108928149844732,0.4291187739463601
0.613843708649802,3.3639141838926747,0.9066666666666667
0.8023899994856812,3.2805811147207393,0.3111111111111111
0.2910428529447342,3.761394773422553,0.8444444444444443
0.4100767819694415,3.830953686648785,0.6285714285714286
0.5095230060052658,4.082020640087276,0.6948356807511736
0.7538011116762923,2.8376823472226214,0.7164179104477612
0.2876295832493613,4.954063583114101,0.5499999999999999
0.7409372961294625,3.0692433877654626,0.5476190476190476
0.6956869717195351,3.361177955834304,0.5057471264367815
0.44929152411951745,3.741176776325311,0.9195402298850575
0.48237572161123493,3.1151079639240065,0.9876543209876543
0.4705528028671224,3.8262182857592713,0.9195402298850575
0.3688326550671674,3.755321966076803,0.8743169398907102
0.5245660123102727,3.6546320424623833,0.6137566137566137
0.3893202278888383,4.463894274148249,0.735632183908046
0.7885161726049326,3.2321127656325217,0.5142857142857142
0.7053297426001033,2.8701848598103314,0.49122807017543857
0.3633637434464367,4.325331877857486,0.736842105263158
0.7339415663718929,2.5431260788467362,0.7733333333333332
0.6390779638210918,3.6136312923463,0.24390243902439024
0.6229374246925312,3.165863124834524,0.8421052631578947
0.24662325974348476,7.563493136633107,0.11904761904761904
0.7563258100784237,1.9658693590809122,0.8104575163398692
0.5165498026688857,4.264407711198212,0.27053140096618356
0.5925909527127277,2.9459332311433926,0.7407407407407407
0.37546285135768986,3.6721856840747593,0.47457627118644063
0.38882205778135814,5.688322529369094,0.6349206349206349
0.30900107646807745,4.466538392938015,0.7526881720430108
0.5176776748926959,3.7203017185858878,0.4629629629629629
0.3308019186921802,4.2366264257468575,0.7213114754098361
0.5075935037988181,4.032629442969705,0.8641975308641975
0.6849353771586352,2.636697352950293,0.6783625730994152
0.5742047465885735,2.7273002558017794,0.7547169811320754
0.6203553741592315,3.273197417155293,0.7901234567901234
0.6250659002339946,3.215492934129017,0.27999999999999997
0.5627924385122735,2.2905860126898023,0.6013071895424836
0.6774494284543937,3.6598053930293677,0.8641975308641975
0.5037665048105936,3.4129246422913884,0.559670781893004
0.6129947118006641,2.1850511055279984,0.6274509803921569
0.770952287868811,3.0410317623140664,0.711111111111111
0.6229796924615609,3.7290245089299505,0.6570048309178744
0.3878265579680186,4.652641860597723,1.0
0.8285045807594876,3.007296586278853,0.6327683615819208
0.6122027540725556,3.3814271776660005,0.896551724137931
0.49406413242191566,3.4660926613948426,0.923076923076923
0.26484492251334546,4.593243603905588,0.9285714285714285
0.5182781239863758,3.4776273555096235,0.6
0.6498887688402448,3.297745312151698,0.8242424242424242
0.682986896918393,2.5238310250325497,0.88
0.6290731330689312,2.7888790187951624,0.9866666666666666
0.7696390719126893,3.138393791773968,0.711111111111111
0.1366789270309727,7.971003091638292,0.11594202898550723
0.6354655431152494,3.814120931826711,0.7037037037037037
0.5586339066203124,3.2691491489451083,0.707070707070707
0.5176617457230908,3.6641689940999536,0.6274509803921569
0.4919035247466913,3.646202142611301,0.923076923076923
0.24313894012210788,3.7438188783492006,0.7868852459016393
0.5720907296348975,3.558308271245483,0.9590643274853801
0.700821038161455,2.2793433075856306,0.5977011494252873
0.8451347596628738,2.861529857606243,0.633879781420765
0.6997503609005786,3.2678946705066005,0.5446009389671361
0.5724314505796397,3.9898762961165577,0.8242424242424242
0.7602144769277185,2.701262051697416,0.4666666666666666
0.3718369938960381,4.480821082009969,0.5714285714285714
0.423934416545239,3.868515006872933,0.7999999999999999
0.3110647309156412,4.3980016916980755,0.8735632183908045
0.704051106464609,2.887281465375935,0.4157706093189964
0.22428056828964696,3.8959012656508154,0.5306122448979591
0.5131248916457363,2.9360895828298457,0.8242424242424242
0.26566727836657544,4.283863712856989,0.7027027027027026
0.5160044063002928,4.093448475348332,0.7757575757575756
0.7696390719126893,3.103130289318975,0.711111111111111
0.5432043155877874,3.689580299895047,0.5027322404371584
0.7502095855059546,2.1883456890866473,0.5410628019323671
0.43387884197556137,5.206215877944214,0.736318407960199
0.7132175429600032,3.466723936790573,0.5866666666666667
0.6855453921871107,3.5557862081910496,0.24533333333333332
0.5897631024091831,3.051756899782446,0.7798742138364779
0.6605009709696071,2.644900410776051,0.31666666666666665
0.4369938503890354,3.259357852988323,0.6178861788617886
0.5431599931633225,2.6219627350788794,1.0
0.4689786353759501,4.224797649508572,0.7027027027027026
0.6018136302401927,4.52290980705264,0.896551724137931
0.5810586162617469,4.426708627832628,0.6851851851851851
0.7337568727454189,2.7460581396742842,0.9866666666666666
0.4753948466836644,4.5079245266881545,0.8444444444444443
0.7260541778303886,3.8914730500440093,0.7291666666666666
0.2974798600414081,3.159542850252995,0.7457627118644067
0.4580119062654814,3.828773293016166,0.7741935483870968
0.635352794257007,3.375708777959126,0.7843137254901961
0.3275667606629214,4.780604933074222,0.6769230769230768
0.591759712424592,4.486082489543613,0.8888888888888888
0.7288051959753925,3.0937525719715406,0.588235294117647
0.5821513707923881,4.23547283467482,0.9696969696969697
0.5922201213727966,3.2765113960677805,0.7005649717514124
0.8086662840155328,3.3692058915984173,0.4273504273504274
0.43558596584804726,4.285568870873915,0.8361581920903954
0.4631167435474152,4.408765573296032,0.8465608465608465
0.44539306586896016,3.513194704491438,0.5543071161048689
0.3414526011776864,4.221605307635767,0.6580086580086579
0.4037467801769273,4.197761641885883,0.5964912280701754
0.6742267715494076,3.8303788835291463,0.8484848484848484
0.5074535361136213,3.5056310718973487,0.7466666666666667
0.4073104126089327,3.365915947100854,0.8222222222222222
0.7046613806072812,3.628780742351701,0.3052208835341365
0.33957228851649884,3.9514650979449337,0.8743169398907102
0.5779096202192491,3.74291764880589,0.7741935483870968
0.574065722806873,3.6786161366276895,0.8533333333333333
0.278147763461953,3.301374093893192,0.5541125541125541
0.4787499941693984,3.0624482964574558,0.7619047619047619
0.6012850570422857,2.771023632738224,0.3432343234323432
0.5222178668036728,3.2659920686587043,0.5866666666666667
0.60502134185362,3.1383127886811035,0.923076923076923
0.3515558614793632,3.6283538675355604,0.5833333333333333
0.577296068168786,4.536999882982151,0.7380952380952381
0.6468053384591799,2.828714738002713,0.46886446886446886
0.2635867999176388,4.783957549913936,0.8484848484848484
0.41468162809530046,4.468703954141516,0.8735632183908045
0.770118650795818,3.3489509065572927,0.5208333333333333
0.6391037017247689,3.3026778545940036,0.6458333333333333
0.4672344351646206,3.273060611728943,0.7999999999999999
0.4492371353158578,4.509050680828665,0.8505747126436782
0.7807310126076005,3.0677769011417375,0.6868686868686869
0.6141653272067816,4.254967487795284,0.6769230769230768
0.7761097619635235,3.645172443938188,0.7195767195767195
0.5079969840582746,2.777645113096426,0.5679012345679012
0.47204435571982356,3.950800917592847,0.7619047619047619
0.8434496177373407,3.2566788613347164,0.4392156862745098
0.2749007922798388,4.692386923860425,0.5641025641025641
0.516149754652248,4.086292666970792,1.0
0.7428460753449935,3.6233403317351094,0.5649717514124293
0.49413892904695417,4.045964736084433,0.5945945945945945
0.4127791797585126,4.6957628739200885,0.6140350877192982
0.6057877806099607,3.6618706075747527,0.9047619047619048
0.5883108859274976,4.139343126665826,0.976190476190476
0.2760360246143545,4.478770952141911,0.783068783068783
0.7567074961464273,3.4556829194199157,0.588235294117647
0.6491539283089672,2.9598994963627483,0.8163265306122449
0.7830036995978948,3.0462622779182276,0.2962962962962963
0.8960136620314512,2.886968286633225,0.6262626262626263
0.7179000223583846,2.6298512970625563,0.6406926406926406
0.379236987677833,4.564200981883249,0.7380952380952381
0.2842536806769996,5.2122066980570825,0.6
0.5399997459566591,2.88937965321192,0.7857142857142857
0.3840539682457174,4.2152545398804895,0.9135802469135803
